Nombre,FechaInicio,Nivel,duracion,Formato,Instructor,Informatica,Bases_de_datos,Sistemas_Operativos,Programacion,Linux,Machine_Learning,Cloud,Ciberseguridad,Desarrollo_Web,Redes,Inteligencia_Artificial,Big_Data,Desarrollo_Móvil,Descripcion
Inglés A2,16/09/2025,Principiante,6 semanas,Presencial,Pedro Sánchez,No,No,No,No,No,No,No,No,No,No,No,No,No,"Curso de nivel básico para adquirir habilidades fundamentales en inglés. El alumno practicará comprensión y expresión oral y escrita en situaciones cotidianas sencillas. Al final, estará preparado para rendir el examen oficial de nivel A2 (Cambridge Linguaskill)."
Inglés B1,13/05/2025,Medio,10 semanas,Presencial,María Rodríguez,No,No,No,No,No,No,No,No,No,No,No,No,No,"Curso de inglés de nivel intermedio enfocado en mejorar la fluidez y precisión. Se cubren conversaciones habituales, lectura y redacción de textos de dificultad media. Al terminar, el estudiante podrá comunicarse con confianza en inglés y podrá presentarse a exámenes oficiales de nivel B1."
Inglés B2,30/04/2025,Avanzado,10 semanas,Presencial,Ana Gómez,No,No,No,No,No,No,No,No,No,No,No,No,No,"Curso de inglés de nivel intermedio-alto dirigido a alcanzar un dominio avanzado del idioma. Incluye práctica intensiva de conversación, comprensión de textos complejos y escritura formal. Al finalizar, el alumno podrá comunicarse de manera eficaz en contextos profesionales y académicos y estará preparado para exámenes oficiales de nivel B2."
Ofimática,07/05/2025,Medio,8 semanas,Presencial,Laura Martínez,Sí,No,No,No,No,No,No,No,No,No,No,No,No,"Curso integral de ofimática que abarca las herramientas esenciales de Microsoft Office (Word, Excel, PowerPoint) y aplicaciones de productividad. El participante aprenderá a crear documentos, hojas de cálculo y presentaciones profesionales, gestionando datos y automatizando tareas básicas. Al concluir, estará capacitado para desenvolverse con soltura en entornos de oficina digitales."
Excel avanzado y Power BI,24/04/2025,Medio,6 semanas,Presencial,Elena Sánchez,No,No,No,No,No,No,No,No,No,No,No,No,No,"Curso especializado en análisis de datos con Excel y Power BI. Se profundiza en funciones avanzadas de Excel, tablas dinámicas y automatización, además de la creación de paneles interactivos con Microsoft Power BI. El alumno desarrollará competencias para gestionar grandes volúmenes de datos y extraer información relevante para la toma de decisiones."
Mejora tu productividad con inteligencia artificial,18/06/2025,Medio,4 semanas,Presencial,Patricia Díaz,No,No,No,No,No,No,No,No,No,No,Sí,No,No,"Curso práctico enfocado en utilizar herramientas de inteligencia artificial para optimizar tareas cotidianas y procesos empresariales. Se explorarán aplicaciones de IA generativa, asistentes virtuales y automatización inteligente para aumentar la eficiencia en el trabajo. Al finalizar, el estudiante conocerá las últimas tecnologías de IA aplicables a la productividad personal y laboral."
Ingeniero Google Cloud Platform,23/09/2025,Avanzado,8 semanas,Presencial,Carlos López,No,No,No,No,No,No,Sí,No,No,No,No,No,No,"Formación completa para convertirse en ingeniero de Google Cloud Platform. El curso abarca el diseño, despliegue y administración de infraestructuras en la nube de Google, incluyendo cómputo, almacenamiento y redes. Al finalizar, el alumno podrá implementar soluciones escalables en GCP y estará preparado para certificaciones profesionales de Google Cloud."
Ingeniero de datos Google Cloud Platform,08/04/2025,Avanzado,6 semanas,Presencial,Mauro Pazienza,No,No,No,No,No,No,Sí,No,No,No,No,Sí,No,"Curso orientado a la ingeniería de datos en Google Cloud. Se enseñan métodos de ingestión, transformación y análisis de grandes volúmenes de datos usando herramientas como BigQuery, Dataflow y Pub/Sub. El participante aprenderá a construir canalizaciones de datos eficientes en la nube y a aplicar técnicas de Big Data para obtener insights empresariales."
Ingeniero de Machine Learning IA Google Cloud Platform,02/07/2025,Avanzado,7 semanas,Presencial,Mauro Pazienza,No,No,No,No,No,Sí,Sí,No,No,No,Sí,No,No,"Programa avanzado centrado en el desarrollo de soluciones de inteligencia artificial en Google Cloud. El curso cubre la creación, entrenamiento y despliegue de modelos de machine learning utilizando servicios de Google (AI Platform, TensorFlow). Al terminar, el estudiante podrá diseñar sistemas de IA escalables en GCP, resolviendo problemas complejos con aprendizaje automático."
Programador Java SE Profesional en Cloud,23/09/2025,Avanzado,10 semanas,Presencial,Carlos López,No,No,No,Sí,No,No,Sí,No,No,No,No,No,No,"Curso dedicado a la programación en Java Standard Edition enfocado al entorno cloud. Se repasan conceptos avanzados de Java y se aplican a la creación de aplicaciones empresariales preparadas para la nube. El alumno aprenderá a desarrollar, depurar y desplegar código Java en plataformas cloud, optimizando el rendimiento y la seguridad."
Desarrollo de aplicaciones Oracle Developer PL SQL,08/04/2025,Avanzado,11 semanas,Presencial,Miguel Torres,No,Sí,No,Sí,No,No,No,No,No,No,No,No,No,"Formación especializada en el desarrollo de aplicaciones con Oracle PL/SQL. El curso profundiza en la creación de procedimientos almacenados, funciones y triggers en bases de datos Oracle. Los participantes diseñarán y optimizarán código PL/SQL para manipular datos de forma eficaz, adquiriendo habilidades valoradas para entornos empresariales que usan tecnología Oracle."
Administración Oracle Autonomous Database y Machine Learning,02/07/2025,Avanzado,12 semanas,Presencial,Juan García,No,Sí,No,No,No,Sí,Sí,No,No,No,No,No,No,"Curso avanzado que combina administración de bases de datos Oracle Autonomous Database con técnicas de machine learning. Se cubre la configuración, gestión y securización de Oracle Autonomous DB en la nube, junto con la integración de algoritmos de ML para análisis de datos. El estudiante será capaz de administrar bases de datos autónomas y aplicar inteligencia artificial para mejorar la toma de decisiones."
Experto en Oracle Analytics Cloud y Business Intelligence,23/04/2025,Avanzado,12 semanas,Presencial,Luis Fernández,No,No,No,No,No,No,Sí,No,No,No,No,Sí,No,"Programa enfocado en Oracle Analytics Cloud para la creación de soluciones de inteligencia de negocios. El curso abarca la integración de fuentes de datos, diseño de cuadros de mando interactivos y generación de informes avanzados. Al finalizar, el alumno podrá implantar sistemas de BI en Oracle Cloud, transformando datos empresariales en información estratégica."
Especialista en Seguridad EC Council,07/05/2025,Medio,5 semanas,Presencial,Pedro Sánchez,No,No,No,No,No,No,No,Sí,No,Sí,No,No,No,"Curso completo de seguridad informática que abarca los fundamentos de protección de la información, seguridad de redes y auditoría. Se ofrece una visión holística de la ciberseguridad a través del programa Certified Security Specialist (ECSS) de EC-Council. Al concluir, el participante será capaz de identificar riesgos y aplicar medidas de seguridad esenciales en entornos corporativos."
Ethical Hacker EC Council,22/04/2025,Avanzado,12 semanas,Presencial,María Rodríguez,No,No,No,No,No,No,No,Sí,No,Sí,No,No,No,"Formación intensiva orientada a técnicas de hacking ético según el programa Certified Ethical Hacker (CEH) de EC-Council. Se estudian métodos de ataque y defensa, pruebas de penetración, explotación de vulnerabilidades y uso de herramientas especializadas. El alumno aprenderá a pensar como un atacante para fortalecer la seguridad de sistemas y estará preparado para certificarse como hacker ético."
Analista de Centros de Operaciones EC Council,25/06/2025,Medio,6 semanas,Presencial,Ana Gómez,No,No,No,No,No,No,No,Sí,No,Sí,No,No,No,"Curso enfocado al rol de analista en un Centro de Operaciones de Seguridad (SOC). Abarca la monitorización de incidentes, respuesta ante ciberataques y el manejo de sistemas SIEM. El estudiante desarrollará habilidades para detectar, analizar y reportar amenazas en tiempo real, siguiendo las directrices del programa CSA (Certified SOC Analyst) de EC-Council."
Administrador Especialista de Seguridad de Azure,07/05/2025,Medio,8 semanas,Presencial,Laura Martínez,No,No,No,No,No,No,Sí,Sí,No,No,No,No,No,"Curso especializado en la administración de la seguridad dentro de la plataforma Microsoft Azure. Se cubren controles de acceso, protección de datos, configuración de redes seguras y monitorización de amenazas en entornos cloud. Al terminar, el alumno podrá implementar soluciones de seguridad en Azure y estará preparado para la certificación AZ-500 (Azure Security Engineer)."
Administrador de Bases de Datos Azure,24/09/2025,Medio,6 semanas,Presencial,Elena Sánchez,No,Sí,No,No,No,No,Sí,No,No,No,No,No,No,"Formación centrada en la gestión de servicios de bases de datos en la nube de Azure. Incluye la implementación y mantenimiento de Azure SQL Database, Azure Cosmos DB, así como backup, tuning y alta disponibilidad. El participante adquirirá competencias para administrar datos en Azure de forma eficiente, garantizando rendimiento y seguridad en entornos cloud."
Consultor Especialista de Power Platform con Inteligencia Artificial,28/01/2026,Medio,4 semanas,Presencial,Patricia Díaz,No,No,No,No,No,No,Sí,No,No,No,Sí,No,No,"Curso innovador que combina el uso de Microsoft Power Platform con capacidades de Inteligencia Artificial. Se enseña a crear aplicaciones empresariales low-code integrando Power Apps, Power Automate y Power BI con modelos de IA (como AI Builder). El alumno aprenderá a diseñar soluciones inteligentes que automaticen procesos y analicen datos, mejorando la productividad de las organizaciones."
Virtualización del Data Center y Almacenamiento VMware,21/10/2025,Medio,6 semanas,Presencial,Carlos López,No,No,No,No,No,No,Sí,No,No,No,No,No,No,"Curso integral sobre virtualización de servidores y gestión de almacenamiento con tecnología VMware. Cubre la instalación, configuración y administración de VMware vSphere, incluyendo la gestión de máquinas virtuales y configuraciones de almacenamiento centralizado (SAN/NAS). Al finalizar, el alumno podrá optimizar infraestructuras de centro de datos virtualizados, mejorando la eficiencia y resiliencia de los sistemas."
Virtualización de Red con VMware,20/01/2026,Medio,6 semanas,Presencial,Miguel Torres,No,No,No,No,No,No,Sí,No,No,Sí,No,No,No,"Programa especializado en virtualización de redes utilizando VMware NSX. Se abordan conceptos de redes definidas por software (SDN), creación de switches virtuales, enrutamiento y políticas de seguridad virtuales. El participante desarrollará habilidades para diseñar y administrar redes virtuales complejas, integrando soluciones de virtualización de red en entornos VMware."
Gestión de la Nube con VMware (Operaciones y Automatización),04/03/2026,Medio,4 semanas,Presencial,Juan García,No,No,No,No,No,No,Sí,No,No,No,No,No,No,"Formación enfocada en la administración de entornos cloud privados con la suite VMware. Incluye la orquestación y automatización de recursos con vRealize Operations y Automation, monitorización del rendimiento y gestión del ciclo de vida de máquinas virtuales. El estudiante aprenderá a implementar estrategias de cloud híbrida, automatizando tareas para garantizar servicios consistentes y escalables."
Administrador de Sistemas Red Hat,30/09/2025,Medio,6 semanas,Presencial,Luis Fernández,No,No,Sí,No,Sí,No,No,No,No,No,No,No,No,"Curso práctico para administradores de sistemas Linux basado en la distribución Red Hat Enterprise Linux. Se tratan temas de instalación, gestión de usuarios, configuración de servicios de red, seguridad y solución de problemas en entornos RHEL. Al concluir, el alumno estará capacitado para desempeñarse como administrador Linux y podrá afrontar la certificación RHCSA de Red Hat."
Ingeniero de Sistemas Red Hat con Automatización Ansible,29/04/2025,Avanzado,6 semanas,Presencial,Pedro Sánchez,No,No,Sí,No,Sí,No,No,No,No,No,No,No,No,"Programa avanzado orientado a ingenieros de sistemas Linux enfocado en la automatización de tareas con Ansible. Se profundiza en la gestión de configuraciones a gran escala, despliegue automático de software y orquestación de servicios en entornos Red Hat. El participante aplicará Ansible para optimizar la administración de múltiples servidores, aumentando la eficiencia y reduciendo errores operativos."
Administración de Red Hat OpenShift Container Platform,06/05/2025,Avanzado,6 semanas,Presencial,María Rodríguez,No,No,No,No,Sí,No,Sí,No,No,No,No,No,No,"Curso especializado en la gestión de la plataforma de contenedores OpenShift de Red Hat. Abarca la instalación de clústeres OpenShift, despliegue de aplicaciones en contenedores y gestión de Kubernetes a nivel empresarial. El estudiante aprenderá a orquestar contenedores y a asegurar aplicaciones cloud-native usando las herramientas integradas en OpenShift."
Despliegues en Red Hat OpenShift Container Platform,15/10/2025,Avanzado,8 semanas,Presencial,Ana Gómez,No,No,No,No,Sí,No,Sí,No,No,No,No,No,No,"Taller práctico centrado en la implementación de aplicaciones y servicios en Red Hat OpenShift. Se simulan escenarios reales de despliegue continuo (CI/CD), escalado de aplicaciones y actualización sin interrupciones en un entorno de contenedores. Al finalizar, el alumno dominará las mejores prácticas para publicar y mantener aplicaciones en la plataforma OpenShift."
Consultor SAP S4HANA Finanzas,25/03/2025,Avanzado,12 semanas,Presencial,Carlos López,Sí,No,No,No,No,No,No,No,No,No,No,No,No,"Curso orientado a la consultoría funcional en el módulo de Finanzas de SAP S/4HANA. Se cubren los procesos financieros clave (contabilidad general, cuentas por pagar/cobrar, activos fijos) y cómo implementarlos en SAP. El participante adquirirá los conocimientos para parametrizar el sistema en el área financiera y apoyar a empresas en la gestión contable con SAP S4HANA."
Consultor SAP S4HANA Contabilidad Analítica (Controlling),15/07/2025,Avanzado,12 semanas,Presencial,Miguel Torres,Sí,No,No,No,No,No,No,No,No,No,No,No,No,"Formación especializada en el módulo Controlling (CO) de SAP S/4HANA. Incluye configuración de contabilidad de costos, centros de coste/beneficio, órdenes internas y reportes de control de gestión. Al terminar, el estudiante podrá implantar soluciones de contabilidad analítica que permitan a las organizaciones realizar un seguimiento preciso de la rentabilidad y los costos."
Consultor SAP S4HANA Ventas,30/09/2025,Avanzado,12 semanas,Presencial,Juan García,Sí,No,No,No,No,No,No,No,No,No,No,No,No,"Curso enfocado en el módulo de Ventas y Distribución (SD) de SAP S/4HANA. Se abordan los procesos comerciales desde la gestión de pedidos, facturación, expediciones hasta la integración con logística y finanzas. El alumno aprenderá a configurar SAP SD para adaptarlo a las necesidades de ventas de la empresa, optimizando el ciclo de venta completo."
SAP S4HANA Integración de Procesos de Negocio (Financiero),25/03/2025,Avanzado,8 semanas,Presencial,Luis Fernández,Sí,No,No,No,No,No,No,No,No,No,No,No,No,"Formación centrada en la integración de procesos financieros en SAP S/4HANA. El curso destaca cómo interactúan los módulos de Finanzas (FI) con otros módulos (MM, SD) para lograr una visión unificada. Los participantes verán casos prácticos de flujo de documentos entre módulos, comprendiendo la trazabilidad de las operaciones financieras a través del sistema. (Nota: Última edición completada, próxima en planificación)."
SAP S4HANA Integración de Procesos de Negocio (Logística),11/06/2025,Avanzado,8 semanas,Presencial,Pedro Sánchez,Sí,No,No,No,No,No,No,No,No,No,No,No,No,"Curso orientado a la integración de procesos logísticos en SAP S/4HANA. Cubre la interacción entre los módulos de Gestión de Materiales (MM), Ventas (SD) y Producción (PP) para garantizar la continuidad de la cadena de suministro. El alumno entenderá cómo las transacciones logísticas impactan en finanzas y aprenderá a configurar integraciones que reflejen correctamente el movimiento de mercancías y la gestión de inventarios."
Consultor SAP S4HANA Gestión de Materiales y Compras,13/01/2026,Avanzado,10 semanas,Presencial,María Rodríguez,Sí,No,No,No,No,No,No,No,No,No,No,No,No,"Programa especializado en el módulo de Gestión de Materiales (MM) de SAP S/4HANA. Se estudian procesos de aprovisionamiento, gestión de stock, verificación de facturas y compras. El estudiante adquirirá habilidades para configurar y optimizar el flujo de compras y el control de inventarios en SAP, mejorando la eficiencia en la cadena de suministro."
Montaje y reparación de sistemas microinformáticos,01/07/2025,Medio,20 semanas,Presencial,Ana Gómez,Sí,No,No,No,No,No,No,No,No,No,No,No,No,"Certificación profesional centrada en el ensamblaje y mantenimiento de equipos informáticos. El curso abarca la instalación de componentes de hardware, configuración de BIOS/UEFI, instalación de sistemas operativos Windows/Linux y solución de fallos comunes. Tras la formación, el alumno podrá montar PC desde cero, diagnosticar averías y realizar reparaciones de primer nivel en entornos microinformáticos."
Reparación de smartphones y dispositivos móviles,22/05/2025,Medio,5 semanas,Presencial,Laura Martínez,Sí,No,No,No,No,No,No,No,No,No,No,No,No,"Curso práctico dedicado a la reparación de teléfonos inteligentes y otros dispositivos móviles. Se enseñan técnicas de diagnostico de fallos, reemplazo de componentes (pantallas, baterías, conectores) y reinstalación/configuración de sistemas móviles Android/iOS. Al finalizar, el participante estará capacitado para solucionar averías frecuentes en dispositivos móviles y asesorar sobre su mantenimiento."
Confección y publicación de páginas web. Nivel 2,03/06/2025,Medio,22 semanas,Presencial,Elena Sánchez,No,No,No,Sí,No,No,No,No,No,No,No,No,No,"Certificación profesional de nivel 2 para aprender a desarrollar sitios web estáticos. Se cubren los fundamentos de HTML5, CSS3 y nociones básicas de diseño web responsivo. El alumno creará y publicará páginas web en un servidor, adquiriendo las competencias iniciales para iniciarse en el desarrollo web."
Desarrollo de aplicaciones con tecnologías web. Nivel 3,21/05/2025,Avanzado,24 semanas,Presencial,Patricia Díaz,No,Sí,No,Sí,No,No,No,No,No,No,No,No,No,"Certificación profesional de nivel 3 enfocada en la creación de aplicaciones web dinámicas. Incluye programación con JavaScript, integración de frontend y backend (por ejemplo, usando frameworks como Angular/React y Node.js), y gestión de bases de datos para contenido dinámico. Al concluir, el estudiante podrá desarrollar aplicaciones web completas, manejando la lógica de negocio y la interfaz de usuario."
Interfaces y experiencia de usuario (UI y UX),25/11/2025,Avanzado,8 semanas,Presencial,Carlos López,No,No,No,No,No,No,No,No,Sí,No,No,No,No,"Curso especializado en diseño de interfaces de usuario y experiencia de usuario para aplicaciones web y móviles. Se abordan principios de usabilidad, diseño centrado en el usuario, prototipado con herramientas digitales y pruebas de experiencia. El participante aprenderá a crear interfaces atractivas y funcionales, mejorando la interacción usuario-aplicación para distintos dispositivos."
Operación en Sistemas de Comunicaciones de Voz y Datos,16/09/2025,Medio,22 semanas,Presencial,Miguel Torres,No,No,No,No,No,No,No,No,No,Sí,No,No,No,"Certificación profesional orientada a la operación de redes de telecomunicaciones empresariales. Se estudian los fundamentos de redes de voz y datos, incluyendo centralitas, VoIP, routers y switches Cisco. El alumno obtendrá habilidades para instalar, configurar y mantener infraestructuras de comunicaciones tradicionales y convergentes (voz/datos) en organizaciones."
Mantenimiento de Primer Nivel en Sistemas de Radiocomunicaciones,21/05/2025,Medio,26 semanas,Presencial,Juan García,No,No,No,No,No,No,No,No,No,Sí,No,No,No,"Curso dedicado al mantenimiento básico de equipos y sistemas de radiocomunicación. Cubre conceptos de radiofrecuencia, configuración de radios, antenas y resolución de problemas en enlaces inalámbricos. Tras la formación, el participante podrá dar soporte técnico en instalaciones de radio (p. ej. redes TETRA, radioenlaces) asegurando su correcto funcionamiento."
Instalación y Puesta en Servicio e Integración de Nodos de Red 5G,23/04/2025,Medio,9 semanas,Presencial,Luis Fernández,No,No,No,No,No,No,No,No,No,Sí,No,No,No,"Programa especializado en las redes móviles de quinta generación (5G). Se instruye en la instalación física y configuración lógica de nodos 5G (antenas, small cells), así como su integración con la red troncal. El estudiante aprenderá los procedimientos para desplegar infraestructura 5G y realizar pruebas de servicio, sentando las bases para la nueva generación de comunicaciones móviles."
Seguridad Informática. Nivel 3,08/05/2025,Avanzado,22 semanas,Presencial,Pedro Sánchez,No,No,No,No,No,No,No,Sí,No,No,No,No,No,"Certificación profesional de nivel 3 en seguridad informática. El curso abarca la protección de sistemas operativos, redes y aplicaciones frente a amenazas digitales. Se tratan controles de acceso, cifrado, seguridad perimetral y respuesta a incidentes. Al finalizar, el alumno contará con una visión global de la ciberseguridad y podrá implementar medidas para salvaguardar la información en entornos corporativos."
Programación con Lenguajes Orientados a Objetos y Bases de Datos Relacionales. Nivel 3,24/06/2025,Avanzado,24 semanas,Presencial,María Rodríguez,No,Sí,No,Sí,No,No,No,No,No,No,No,No,No,"Certificación profesional de nivel 3 centrada en desarrollo de software orientado a objetos con integración de bases de datos. Incluye fundamentos de programación en lenguajes como Java o C#, diseño de clases y objetos, y operaciones CRUD sobre bases de datos SQL. El participante desarrollará proyectos donde la lógica de negocio se relaciona con bases de datos, adquiriendo experiencia en la construcción de aplicaciones empresariales completas."
Desarrollo y Visualización de Datos con Python,20/05/2025,Medio,6 semanas,Presencial,Carlos López,No,No,No,Sí,No,No,No,No,No,No,No,No,No,"Curso dedicado al desarrollo de aplicaciones en Python con énfasis en la visualización de datos. Se cubren los fundamentos del lenguaje Python, la manipulación de datos con librerías (pandas, NumPy) y la creación de visualizaciones y gráficos con herramientas como Matplotlib o Plotly. Al concluir, el alumno sabrá desarrollar scripts y pequeñas aplicaciones que analicen y presenten datos de forma visualmente efectiva."
Desarrollo de Aplicaciones con Spring e Hibernate,24/04/2025,Medio,5 semanas,Presencial,Miguel Torres,No,Sí,No,Sí,No,No,No,No,Sí,No,No,No,No,"Programa especializado en desarrollo de aplicaciones Java usando los frameworks Spring (Core, MVC) e Hibernate. Se enseña a construir aplicaciones empresariales robustas, implementando la inyección de dependencias, controladores web RESTful y la persistencia de datos en bases relacionales mediante ORM. El estudiante será capaz de crear aplicaciones back-end escalables con Java, integrando servicios web y acceso eficiente a datos."
Desarrollo de Aplicaciones para Dispositivos Móviles,08/09/2025,Medio,14 semanas,Presencial,Juan García,No,No,No,Sí,No,No,No,No,No,No,No,No,Sí,"Curso integral para aprender a desarrollar aplicaciones móviles nativas en plataformas Android y iOS. Se abarcan los principios de diseño de interfaces móviles, manejo de sensores/dispositivos y comunicación con servicios web. El alumno creará aplicaciones funcionales, entendiendo el ciclo de vida móvil y publicará un proyecto en una tienda de apps."
Flutter y Dart,13/01/2026,Avanzado,6 semanas,Presencial,Luis Fernández,No,No,No,Sí,No,No,No,No,No,No,No,No,Sí,"Curso especializado en el framework Flutter de Google para desarrollo multiplataforma. Se estudia el lenguaje Dart y la construcción de interfaces de usuario nativas compiladas, utilizando un único código para Android, iOS y web. Al finalizar, el estudiante podrá desarrollar aplicaciones móviles de alto rendimiento con Flutter, aprovechando su SDK para crear experiencias de usuario consistentes en múltiples plataformas."
JavaScript Avanzado e Ionic,18/09/2025,Avanzado,6 semanas,Presencial,Pedro Sánchez,No,No,No,Sí,No,No,No,No,No,No,No,No,Sí,"Formación enfocada en el desarrollo de aplicaciones híbridas móviles con tecnologías web. Se profundiza en JavaScript avanzado (ES6+), TypeScript y el uso del framework Ionic para construir apps móviles usando HTML5 y CSS. El participante será capaz de implementar aplicaciones que funcionen en Android e iOS desde un único proyecto, accediendo a funcionalidades nativas del dispositivo mediante Apache Cordova."
Desarrollador Spark Big Data Cloudera,03/06/2025,Avanzado,8 semanas,Presencial,María Rodríguez,No,No,No,Sí,No,No,No,No,No,No,No,Sí,No,"Curso intensivo para desarrolladores enfocado en el procesamiento de datos masivos con Apache Spark en entornos Cloudera. Se tratan APIs de Spark (SQL, DataFrames, RDD) utilizando Scala/Python para implementar transformaciones y algoritmos distribuidos. El alumno aprenderá a manejar big data en clústeres Hadoop con Cloudera, optimizando aplicaciones para procesamiento paralelo de gran rendimiento."
Analista de Datos Big Data Cloudera,03/04/2025,Medio,7 semanas,Presencial,Ana Gómez,No,No,No,No,No,No,No,No,No,No,No,Sí,No,"Formación dirigida al análisis de grandes volúmenes de datos en plataformas Big Data de Cloudera. Incluye el uso de herramientas como Hive, Impala y Hue para la consulta y análisis de datos, así como nociones de machine learning con Spark MLlib. Al finalizar, el participante podrá extraer información valiosa de sistemas Big Data y generar informes que apoyen la toma de decisiones estratégicas."
Administrador Big Data Cloudera,01/04/2025,Avanzado,8 semanas,Presencial,Laura Martínez,No,No,No,No,Sí,No,No,No,No,No,No,Sí,No,"Curso especializado en la administración de clústeres Big Data usando la distribución Cloudera. Se cubren la instalación y configuración de Cloudera Manager, gestión de nodos Hadoop (HDFS, YARN) y aseguramiento del rendimiento y la seguridad del ecosistema Big Data. El estudiante estará capacitado para mantener infraestructuras de datos a gran escala, garantizando alta disponibilidad y eficiencia en el procesamiento."
Administración de Sistemas Operativos Linux- LPIC 1 y 2,08/05/2025,Medio,10 semanas,Presencial,Elena Sánchez,No,No,Sí,No,Sí,No,No,No,No,No,No,No,No,"Curso preparatorio para las certificaciones LPIC-1 y LPIC-2 de Linux Professional Institute. Se abordan desde los fundamentos de la administración Linux (gestión de archivos, usuarios, procesos) hasta temas avanzados (servidores, redes, seguridad) en distintas distribuciones. El alumno adquirirá un dominio sólido de Linux y estará listo para superar los exámenes oficiales de certificación LPIC."
Arquitecto AWS y Fundamentos IA Generativa,14/07/2025,Avanzado,16 semanas,Presencial,Patricia Díaz,No,No,No,No,No,No,Sí,No,No,No,Sí,No,No,"Formación combinada en arquitectura de soluciones cloud sobre Amazon Web Services y en fundamentos de Inteligencia Artificial Generativa. El curso cubre los servicios principales de AWS (cómputo, almacenamiento, redes) para diseñar infraestructuras escalables, a la vez que introduce conceptos de IA generativa (modelos de lenguaje, AWS Bedrock). Al finalizar, el alumno sabrá planificar entornos AWS robustos e integrar herramientas de IA de vanguardia."
Operador Cloud DevOps y Fundamentos IA Generativa AWS,07/04/2025,Avanzado,13 semanas,Presencial,Carlos López,No,No,No,No,No,No,Sí,No,No,No,Sí,No,No,"Curso centrado en la operación de entornos DevOps en AWS complementado con nociones de IA generativa. Se enseñan prácticas de integración continua y entrega continua (CI/CD) utilizando servicios como AWS CodePipeline y Docker, además de la aplicación de modelos de IA para optimizar procesos. El estudiante podrá automatizar despliegues en la nube AWS y explorar cómo la IA puede mejorar el flujo de DevOps."
AWS Machine Learning e IA Generativa,21/07/2025,Avanzado,13 semanas,Presencial,Miguel Torres,No,No,No,No,No,Sí,Sí,No,No,No,Sí,No,No,"Programa especializado en los servicios de Machine Learning e Inteligencia Artificial Generativa de AWS. Incluye el uso de Amazon SageMaker para construir, entrenar y desplegar modelos de ML, y la exploración de APIs de IA generativa (como Amazon CodeWhisperer o modelos GPT integrados en AWS). Al concluir, el participante estará preparado para desarrollar soluciones de IA sobre la infraestructura de AWS, aprovechando modelos pre-entrenados y personalizados."
Desarrollo de Videojuegos y Realidad Virtual con Unity 3D,15/07/2025,Medio,16 semanas,Presencial,Juan García,No,No,No,Sí,No,No,No,No,No,No,No,No,No,"Curso práctico para aprender a desarrollar videojuegos utilizando el motor Unity 3D, incluyendo aplicaciones de realidad virtual. Se cubre desde la creación de escenarios y personajes 3D, programación de mecánicas de juego en C#, hasta la implementación de entornos VR inmersivos. El alumno adquirirá una base sólida para crear experiencias interactivas en diferentes plataformas, integrando gráficos, física y lógica de juego."
Diseño de Videojuegos y Conceptualización,29/04/2025,Medio,9 semanas,Presencial,Luis Fernández,No,No,No,No,No,No,No,No,No,No,No,No,No,"Formación orientada al diseño creativo de videojuegos, haciendo hincapié en la generación de ideas y la planificación de la experiencia de juego. Se exploran los principios de narrativa, diseño de niveles, creación de personajes y mecánicas de juego. Al finalizar, el estudiante podrá conceptualizar y documentar el diseño completo de un videojuego, estableciendo la base para su posterior desarrollo técnico."
Modelado Poligonal Texturizado y Animación,12/11/2025,Avanzado,14 semanas,Presencial,Pedro Sánchez,No,No,No,No,No,No,No,No,No,No,No,No,No,"Curso especializado en arte 3D para videojuegos. Incluye técnicas de modelado poligonal de personajes y escenarios, aplicación de texturas UV y creación de materiales realistas, así como animación 3D de objetos y personajes. El participante utilizará software profesional (como Blender o 3ds Max) para generar recursos gráficos listos para ser integrados en motores de juego, mejorando la calidad visual de los proyectos interactivos."
Escultura Digital (con ZBrush),01/10/2025,Avanzado,6 semanas,Presencial,María Rodríguez,No,No,No,No,No,No,No,No,No,No,No,No,No,"Formación artística centrada en la escultura digital 3D utilizando ZBrush. Se enseñan técnicas avanzadas de esculpido para crear modelos orgánicos detallados como personajes, criaturas y objetos complejos, con énfasis en anatomía y detalles de alta resolución. El alumno desarrollará un portafolio de esculturas digitales y estará preparado para incorporarlas en producciones de videojuegos, cine o impresión 3D."
Soluciones Salesforce,12/11/2025,Medio,8 semanas,Presencial,Ana Gómez,No,No,No,No,No,No,Sí,No,No,No,No,No,No,"Curso dedicado a la plataforma Salesforce para la gestión de relaciones con clientes (CRM). Se abordan las funcionalidades principales de Salesforce Sales Cloud y Service Cloud, incluyendo la gestión de contactos, oportunidades, casos y automatización de procesos con Flow Builder. Al finalizar, el participante será capaz de configurar y personalizar soluciones en Salesforce para optimizar procesos comerciales y de atención al cliente. (Nota: Próxima convocatoria en planificación)."
Introducción a la Programación,10/02/2025,Principiante,6 semanas,Virtual,Carlos López,No,No,No,Sí,No,No,No,No,No,No,No,No,No,"Curso básico para iniciarse en la programación de computadores, ideal para principiantes sin experiencia previa. Se cubren los conceptos fundamentales de lógica de programación, algoritmos y estructura de datos sencilla, utilizando un lenguaje amigable (por ejemplo Python). Al completar la formación, el alumno podrá escribir programas simples, entender la metodología de desarrollo y estará preparado para cursos de programación más avanzados."
Fundamentos de Redes Cisco (CCNA),05/03/2025,Principiante,8 semanas,Presencial,Miguel Torres,No,No,No,No,No,No,No,No,No,Sí,No,No,No,"Formación introductoria en redes de datos siguiendo el currículo CCNA de Cisco. El curso enseña el funcionamiento de las redes informáticas, incluyendo protocolos TCP/IP, configuración básica de routers y switches Cisco, subredes y resolución de problemas de conectividad. El estudiante practicará con laboratorios simulados para construir y asegurar redes pequeñas, sentando las bases para certificaciones de Cisco."
Administración de Windows Server,20/05/2025,Medio,10 semanas,Presencial,Juan García,No,No,Sí,No,No,No,No,No,No,Sí,No,No,No,"Curso enfocado en la instalación y administración del sistema operativo Windows Server en entornos empresariales. Se abarcan la gestión de Active Directory, configuraciones de servidores de archivos, DNS/DHCP, políticas de grupo y virtualización con Hyper-V. Al finalizar, el participante podrá desplegar y mantener una infraestructura Windows Server, gestionando usuarios, permisos y servicios de red de manera eficiente."
Desarrollo de Apps iOS con Swift,15/09/2025,Avanzado,12 semanas,Presencial,Luis Fernández,No,No,No,Sí,No,No,No,No,No,No,No,No,Sí,"Programa especializado en la creación de aplicaciones nativas para dispositivos iOS (iPhone/iPad) utilizando el lenguaje Swift. El curso cubre el entorno de desarrollo Xcode, los fundamentos de SwiftUI para diseñar interfaces atractivas y la integración de funcionalidades propias de iOS (gestos táctiles, persistencia de datos, notificaciones). El alumno desarrollará varias aplicaciones prácticas y conocerá el proceso de publicación en la App Store."
Desarrollo Front-End con Angular,01/08/2025,Medio,8 semanas,Virtual,Pedro Sánchez,No,No,No,Sí,No,No,No,No,Sí,No,No,No,No,"Curso centrado en el desarrollo front-end moderno empleando el framework Angular. Se estudian TypeScript, la arquitectura de componentes, data binding, rutas y consumo de APIs REST para crear aplicaciones web de una sola página (SPA) interactivas. El participante construirá una aplicación completa con Angular, aplicando buenas prácticas de maquetación responsive y optimización de rendimiento en el navegador."
Machine Learning Avanzado con TensorFlow,10/01/2026,Avanzado,12 semanas,Presencial,María Rodríguez,No,No,No,Sí,No,Sí,No,No,No,No,Sí,No,No,"Formación avanzada en aprendizaje automático utilizando la librería TensorFlow de Google. El curso abarca la creación de redes neuronales profundas (DNN), incluyendo redes convolucionales (CNN) para visión por computador y redes recurrentes (RNN) para procesamiento de secuencias. Se realizarán experimentos de entrenamiento y ajuste de modelos en conjuntos de datos complejos. Al finalizar, el alumno será capaz de desarrollar e implementar modelos de deep learning para resolver problemas de predicción y clasificación."
Introducción a la Inteligencia Artificial,05/07/2025,Principiante,6 semanas,Virtual,Ana Gómez,No,No,No,No,No,No,No,No,No,No,Sí,No,No,"Curso teórico-práctico que ofrece una visión general de la inteligencia artificial. Se exploran los conceptos clave como sistemas expertos, algoritmos de búsqueda, representación del conocimiento y aprendizaje automático básico. El estudiante trabajará con ejemplos sencillos (p. ej., juegos clásicos, lógica difusa) para comprender cómo las máquinas pueden simular capacidades inteligentes. Es un punto de partida ideal para adentrarse posteriormente en ramas específicas de la IA."
Análisis de Malware y Forense Digital,20/11/2025,Avanzado,10 semanas,Presencial,Laura Martínez,No,No,No,No,No,No,No,Sí,No,No,No,No,No,"Programa avanzado de ciberseguridad enfocado en la identificación y análisis de software malicioso y en la investigación forense de incidentes informáticos. Se cubren técnicas de ingeniería inversa de malware, sandboxing, análisis de tráfico malicioso, así como procedimientos para recolectar y preservar evidencias digitales tras un ataque. El alumno aprenderá a desmontar malware para comprender su comportamiento y a generar informes forenses que apoyen investigaciones de seguridad."
Pentesting con Kali Linux,10/10/2025,Avanzado,8 semanas,Presencial,Elena Sánchez,No,No,No,No,Sí,No,No,Sí,No,Sí,No,No,No,"Curso práctico de pruebas de penetración utilizando la distribución Kali Linux. Se enseña al estudiante a utilizar herramientas especializadas (Nmap, Metasploit, Wireshark, etc.) para identificar vulnerabilidades en sistemas y redes. A través de laboratorios reales, el participante ejecutará ataques controlados a aplicaciones web, redes inalámbricas y sistemas operativos, con el objetivo de fortalecer las habilidades ofensivas y aplicar contramedidas de seguridad."
Administración de Bases de Datos MySQL,17/09/2025,Medio,8 semanas,Presencial,Patricia Díaz,No,Sí,No,No,No,No,No,No,No,No,No,No,No,"Formación orientada a la gestión de bases de datos relacionales MySQL. Se abarcan la instalación y configuración del servidor MySQL, diseño de esquemas de datos, lenguaje SQL (consultas, uniones, subconsultas) y tareas de administrador como copias de seguridad, replicación y tuning de rendimiento. Tras el curso, el alumno podrá administrar bases de datos MySQL de forma eficiente, garantizando la integridad y disponibilidad de la información."
Desarrollo Web Full Stack con JavaScript (MEAN),12/01/2026,Avanzado,12 semanas,Presencial,Carlos López,No,Sí,No,Sí,No,No,No,No,No,No,No,No,No,"Curso intensivo para convertirse en desarrollador full stack utilizando la pila MEAN (MongoDB, Express, Angular, Node.js). El programa cubre la creación de back-ends con Node.js y Express, el diseño de APIs RESTful, el manejo de bases NoSQL con MongoDB y la implementación de front-ends dinámicos con Angular. Al finalizar, el participante habrá desarrollado una aplicación web completa, dominando tanto el lado del servidor como el del cliente con tecnologías JavaScript."
Gestión de Big Data con Hadoop,05/06/2025,Medio,10 semanas,Presencial,Miguel Torres,No,No,No,No,Sí,No,No,No,No,No,No,Sí,No,"Curso especializado en la gestión y procesamiento de datos masivos con Apache Hadoop. Se introduce el ecosistema Hadoop (HDFS, YARN) y se practica el uso de MapReduce y Apache Hive para almacenar y analizar grandes conjuntos de datos distribuidos. El estudiante aprenderá a configurar un clúster Hadoop básico y a ejecutar tareas de procesamiento paralelo, adquiriendo las bases para proyectos de Big Data a gran escala."
Ciencia de Datos con Python,20/03/2025,Medio,8 semanas,Virtual,Juan García,No,No,No,Sí,No,Sí,No,No,No,No,No,Sí,No,"Formación que combina estadística, programación y visualización de información para extraer conocimiento de datos. Usando Python, se trabajan bibliotecas populares como pandas, NumPy y scikit-learn para limpiar datos, realizar análisis exploratorio y construir modelos predictivos básicos. Asimismo, se utilizan herramientas de visualización (Matplotlib, Seaborn) para presentar hallazgos de manera clara. Al terminar, el alumno podrá afrontar pequeños proyectos de data science, desde la recopilación de datos hasta la obtención de conclusiones accionables."
Administración Avanzada de Linux (LPIC-3),07/04/2025,Avanzado,10 semanas,Presencial,Luis Fernández,No,No,Sí,No,Sí,No,No,No,No,Sí,No,No,No,"Curso avanzado de administración de sistemas Linux orientado a profesionales que buscan un dominio experto (nivel LPIC-3). Se profundiza en temas como redes y servicios empresariales (DNS, web, correo), seguridad avanzada (SELinux, FirewallD), alta disponibilidad, balanceo de carga y virtualización en Linux. El participante resolverá casos complejos de administración y estará preparado para liderar la gestión de infraestructuras Linux críticas en entornos corporativos."
DevOps con Jenkins y Kubernetes,14/09/2025,Avanzado,8 semanas,Presencial,Pedro Sánchez,No,No,No,No,Sí,No,Sí,No,No,No,No,No,No,"Programa práctico enfocado en la cultura DevOps, integrando la entrega continua (CI/CD) con Jenkins y la orquestación de contenedores con Kubernetes. El curso enseña a automatizar pipelines de construcción, pruebas e implementación de aplicaciones, además de desplegar y gestionar aplicaciones contenedorizadas en clústeres Kubernetes. Al finalizar, el estudiante podrá optimizar el ciclo de vida del desarrollo de software, logrando despliegues más rápidos y confiables en entornos cloud híbridos."
Administración de Contenedores con Docker,01/06/2025,Medio,6 semanas,Presencial,María Rodríguez,No,No,No,No,Sí,No,Sí,No,No,No,No,No,No,"Curso práctico sobre la virtualización a nivel de contenedor utilizando Docker. Se cubren la creación de imágenes Docker, la ejecución y orquestación de contenedores, y la gestión de volúmenes y redes en contenedores. El alumno aprenderá a empaquetar aplicaciones en contenedores portables que se ejecutan consistentemente en cualquier entorno, lo que mejora la eficiencia del despliegue y la escalabilidad de los servicios."
Azure Cloud Fundamentals (AZ-900),12/03/2025,Principiante,4 semanas,Virtual,Ana Gómez,No,No,No,No,No,No,Sí,No,No,No,No,No,No,"Curso introductorio a los fundamentos de la computación en la nube con Microsoft Azure, alineado con el examen de certificación AZ-900. Se presentan los conceptos básicos de los servicios en la nube, los modelos de servicio (IaaS, PaaS, SaaS) y las principales soluciones Azure en computación, almacenamiento, redes y seguridad. El participante obtendrá una comprensión sólida de la propuesta de valor de Azure y estará preparado para profundizar en especializaciones cloud o certificaciones avanzadas."
Arquitectura de Microservicios,08/08/2025,Avanzado,8 semanas,Presencial,Laura Martínez,No,No,No,Sí,No,No,Sí,No,No,No,No,No,No,"Formación avanzada en diseño e implementación de aplicaciones basadas en microservicios. Se abordan patrones de arquitectura (API Gateway, Circuit Breaker), comunicación entre servicios (REST, mensajería), contenedorización y despliegue en la nube. El curso enfatiza la escalabilidad y mantenibilidad del software, enseñando al alumno a dividir aplicaciones monolíticas en servicios pequeños e independientes que pueden desarrollarse y escalarse de forma autónoma."
Internet de las Cosas (IoT),05/11/2025,Medio,8 semanas,Presencial,Elena Sánchez,No,No,No,No,No,No,Sí,No,No,No,No,Sí,No,"Curso interdisciplinario sobre el Internet de las Cosas, combinando electrónica básica, redes y análisis de datos. Se aprende a conectar sensores y actuadores a microcontroladores (p.ej. Arduino, ESP32) y a transmitir los datos a través de Internet hacia plataformas IoT en la nube. El estudiante desarrollará un proyecto práctico integrando dispositivos inteligentes y servicios web, entendiendo cómo la IoT puede aplicarse en entornos domésticos e industriales para monitorización y control remoto."
Procesamiento de Lenguaje Natural (NLP) con Python,15/04/2025,Avanzado,8 semanas,Virtual,Patricia Díaz,No,No,No,Sí,No,Sí,No,No,No,No,Sí,No,No,"Curso especializado en técnicas de procesamiento de lenguaje natural utilizando Python. Se estudiarán métodos para el análisis de texto como tokenización, etiquetado POS, extracción de entidades y utilización de bibliotecas (NLTK, spaCy) para comprender y generar lenguaje humano. Además, se introducirán modelos de lenguaje modernos y cómo implementar chatbots básicos. Al finalizar, el alumno podrá desarrollar aplicaciones capaces de interpretar texto y extraer información relevante de documentos."
Deep Learning con PyTorch,18/06/2025,Avanzado,10 semanas,Virtual,Carlos López,No,No,No,Sí,No,Sí,No,No,No,No,Sí,Sí,No,"Formación avanzada en redes neuronales profundas utilizando el framework PyTorch. El curso aborda la construcción de modelos de deep learning desde cero, incluyendo redes convolucionales para visión por computador, redes recurrentes para series temporales y técnicas de entrenamiento como optimizadores y regularización. Los estudiantes realizarán experimentos entrenando modelos con conjuntos de datos reales y ajustarán hiperparámetros para mejorar la precisión. Al concluir, estarán preparados para implementar soluciones de inteligencia artificial de última generación."
Ingeniería de Datos con Kafka,02/02/2026,Avanzado,6 semanas,Presencial,Miguel Torres,No,No,No,No,Sí,No,No,No,No,No,No,Sí,No,"Curso centrado en la arquitectura de sistemas de datos en tiempo real con Apache Kafka. Se enseña a configurar clústeres Kafka, producir y consumir flujos de datos y construir pipelines de procesamiento de eventos. El estudiante aprenderá a integrar Kafka con otras herramientas (Kafka Streams, Connect) para mover datos entre sistemas heterogéneos en tiempo real. Esta formación capacita para diseñar infraestructuras de mensajería robustas que soporten aplicaciones de Big Data y microservicios."
Bases de Datos NoSQL (MongoDB),22/07/2025,Medio,6 semanas,Presencial,Juan García,No,Sí,No,No,No,No,No,No,No,No,No,Sí,No,"Curso dedicado al manejo de bases de datos NoSQL, enfocado en MongoDB. Se explican las diferencias entre modelos relacionales y NoSQL, y se practica el diseño de esquemas flexibles en JSON/BSON. El alumno aprenderá a realizar operaciones CRUD en MongoDB, construir consultas avanzadas y establecer replicación y sharding para escalabilidad. Tras la formación, podrá implementar MongoDB en proyectos que requieran manejar datos semi-estructurados de forma eficiente."
Administración de Sistemas UNIX,10/04/2025,Medio,6 semanas,Presencial,Luis Fernández,No,No,Sí,No,Sí,No,No,No,No,Sí,No,No,No,"Formación orientada a la administración de sistemas operativos UNIX tradicionales como AIX o Solaris. Se cubren comandos y utilidades propias del entorno UNIX, gestión de usuarios y permisos, configuración de servicios de red y scripting en shell. El participante adquirirá experiencia en entornos empresariales UNIX propietarios, complementando sus conocimientos de administración Linux con particularidades de estos sistemas robustos utilizados en infraestructuras críticas."
Administrador de Kubernetes (CKA),05/05/2025,Avanzado,8 semanas,Presencial,Pedro Sánchez,No,No,No,No,Sí,No,Sí,No,No,No,No,No,No,"Curso avanzado preparatorio para la certificación Certified Kubernetes Administrator (CKA). Incluye la instalación de clústeres Kubernetes, despliegue de aplicaciones en contenedores, manejo de servicios, volúmenes, configuraciones y actualización de clústeres sin tiempo de inactividad. El estudiante practicará troubleshooting y tareas administrativas complejas en Kubernetes, obteniendo las habilidades necesarias para orquestar contenedores a nivel profesional."
Essentials de Ciberseguridad,15/01/2025,Principiante,4 semanas,Virtual,María Rodríguez,No,No,No,No,No,No,No,Sí,No,No,No,No,No,"Curso esencial de ciberseguridad diseñado para principiantes que desean comprender los conceptos básicos de la seguridad informática. Se introducen los tipos de amenazas (malware, phishing), buenas prácticas de seguridad de la información, criptografía básica y nociones de seguridad en redes y en sistemas operativos. Al finalizar, el alumno sabrá identificar riesgos comunes y aplicar medidas sencillas para proteger datos y sistemas a nivel de usuario y pequeñas empresas."
Redes Cisco Avanzadas (CCNP),10/10/2025,Avanzado,10 semanas,Presencial,Ana Gómez,No,No,No,No,No,No,No,No,No,Sí,No,No,No,"Formación avanzada en redes Cisco orientada a profesionales que buscan profundizar sus conocimientos tras el CCNA. El curso sigue contenidos de CCNP e incluye configuración avanzada de routing (OSPF, BGP), switching multilayer, seguridad de redes y tecnologías de redes WAN. A través de laboratorios complejos, el participante resolverá escenarios reales de redes a gran escala, preparándose para roles de ingeniero de redes senior y las correspondientes certificaciones profesionales."
Programación en C/C++,20/07/2025,Medio,8 semanas,Presencial,Laura Martínez,No,No,No,Sí,No,No,No,No,No,No,No,No,No,"Curso orientado a desarrolladores con fundamentos de programación que deseen dominar los lenguajes C y C++. Se abarcan la sintaxis y características de C (punteros, manejo de memoria) y la programación orientada a objetos en C++ (clases, herencia, polimorfismo). El alumno escribirá aplicaciones de consola eficientes y comprenderá cómo gestionar recursos a bajo nivel, sentando las bases para desarrollar software de sistemas, videojuegos o aplicaciones de alto rendimiento."
Desarrollo de Videojuegos con Unreal Engine,01/09/2025,Avanzado,12 semanas,Presencial,Elena Sánchez,No,No,No,Sí,No,No,No,No,No,No,No,No,No,"Programa especializado en la creación de videojuegos utilizando Unreal Engine. Se cubren los fundamentos del motor (navegador de contenido, Blueprint scripting), diseño de niveles en 3D, física y efectos visuales avanzados. El estudiante construirá un pequeño juego aplicando mecánicas de juego, inteligencia artificial de enemigos y optimización de rendimiento. Al concluir, contará con experiencia práctica en uno de los motores de juego líderes de la industria."
Cloud Híbrida con OpenStack,18/08/2025,Avanzado,10 semanas,Presencial,Patricia Díaz,No,No,No,No,Sí,No,Sí,No,No,No,No,No,No,"Curso enfocado en la implementación de nubes privadas e híbridas con OpenStack. Se estudian los componentes principales de OpenStack (Nova, Neutron, Swift, Keystone) y cómo desplegar una infraestructura cloud privada. El participante aprenderá a integrar OpenStack con servicios públicos para conformar nubes híbridas, permitiendo a las empresas aprovechar recursos locales y en la nube de forma conjunta. Tras la formación, estará capacitado para administrar y escalar entornos cloud basados en software libre."
Seguridad en AWS (Cloud Security),07/07/2025,Medio,6 semanas,Presencial,Carlos López,No,No,No,No,No,No,Sí,Sí,No,No,No,No,No,"Formación especializada en la seguridad de entornos Amazon Web Services. Se profundiza en configuración segura de servicios AWS: gestión de identidades y accesos (IAM), encriptación de datos en S3 y RDS, arquitecturas de red seguras con Security Groups y NACLs, monitoreo de amenazas con CloudWatch/CloudTrail. El alumno comprenderá las mejores prácticas de AWS Well-Architected Framework en el pilar de seguridad, pudiendo diseñar y auditar infraestructuras cloud resistentes frente a ataques."
Introducción a Big Data,15/02/2025,Principiante,4 semanas,Virtual,Miguel Torres,No,No,No,No,No,No,No,No,No,No,No,Sí,No,"Curso introductorio al mundo del Big Data, dirigido a aquellos sin experiencia en el área. Se presentan los conceptos clave de datos masivos, las 5 V del Big Data (volumen, velocidad, variedad, veracidad, valor) y las tecnologías fundamentales del ecosistema (Hadoop, Spark, NoSQL). El estudiante explorará casos de uso de Big Data en diversos sectores y realizará ejercicios básicos de procesamiento de datos para entender el potencial de estas tecnologías en la toma de decisiones."
Desarrollo de Chatbots con IA,08/04/2025,Medio,6 semanas,Virtual,Juan García,No,No,No,Sí,No,Sí,No,No,No,No,Sí,No,No,"Curso práctico orientado a la creación de chatbots inteligentes capaces de mantener conversaciones naturales. Se utilizarán herramientas de procesamiento de lenguaje natural (por ejemplo, Dialogflow o IBM Watson Assistant) junto con lenguajes de programación como Python para diseñar bots que respondan a preguntas de usuarios. El participante aprenderá a entrenar modelos de lenguaje, a integrar chatbots en plataformas de mensajería (web, Telegram, etc.) y a mejorar iterativamente la calidad de las respuestas basadas en interacción real."
Administración de Servicios en la Nube,12/06/2025,Medio,6 semanas,Presencial,Luis Fernández,No,No,Sí,No,No,No,Sí,No,No,No,No,No,No,"Formación enfocada en la gestión operacional de servicios en entornos cloud. Se cubren tareas como la monitorización de recursos, la gestión de costes en la nube, la automatización de despliegues con infraestructura como código (Terraform) y la configuración de backups/recuperación ante desastres. El estudiante aplicará estos conceptos en un proveedor de nube (Azure/AWS) para mantener la continuidad y eficiencia de los servicios desplegados."
Desarrollo de Aplicaciones con PHP y MySQL,20/05/2025,Medio,10 semanas,Presencial,Pedro Sánchez,No,Sí,No,Sí,No,No,No,No,Sí,No,No,No,No,"Curso orientado al desarrollo web clásico utilizando PHP en el lado del servidor y MySQL como base de datos. El participante aprenderá a construir aplicaciones web dinámicas completas: diseñar bases de datos relacionales, realizar consultas SQL desde PHP y generar contenido HTML de forma dinámica. Se enfatizan buenas prácticas de programación (estructura MVC sencilla, sanitización de entradas, manejo de sesiones). Al finalizar, el alumno habrá desarrollado un proyecto web funcional, como un pequeño sistema de comercio electrónico o un blog."
Seguridad en Desarrollo de Software (DevSecOps),01/03/2026,Avanzado,8 semanas,Virtual,María Rodríguez,No,No,No,Sí,No,No,Sí,Sí,No,No,No,No,No,"Programa avanzado que integra prácticas de seguridad en el ciclo de vida del desarrollo de software. Se abordan técnicas para asegurar el código (análisis estático, revisión de dependencias), métodos de prueba de seguridad (pentesting de aplicaciones web/APIs) y la automatización de estas tareas en una canalización CI/CD. El alumno aprenderá a implementar un enfoque DevSecOps, garantizando que cada fase - desde la codificación hasta la implementación - incorpora medidas de seguridad proactivas para reducir vulnerabilidades."
Analítica de Datos con Excel y SQL,15/05/2025,Principiante,4 semanas,Virtual,Ana Gómez,No,Sí,No,No,No,No,No,No,No,No,No,No,No,"Curso práctico enfocado en el análisis de datos empresariales usando herramientas accesibles como Microsoft Excel y bases de datos SQL. El estudiante aprenderá a importar y limpiar datos en Excel, usar funciones avanzadas y tablas dinámicas para resumir información, y complementará esto con consultas SQL en una base de datos para extraer conjuntos de datos específicos. Al finalizar, será capaz de combinar el poder de Excel y SQL para generar informes y visualizaciones que apoyen la toma de decisiones en una organización."
Automatización de Tareas con PowerShell,05/10/2025,Medio,6 semanas,Virtual,Laura Martínez,No,No,Sí,Sí,No,No,No,No,No,No,No,No,No,"Formación orientada a administradores de sistemas que busquen automatizar tareas rutinarias en entornos Windows. Se cubren los fundamentos del scripting con PowerShell, cmdlets esenciales para gestión del sistema (usuarios, procesos, registros, red) y la escritura de scripts para realizar despliegues, recopilar información y configurar múltiples sistemas de forma simultánea. El alumno desarrollará scripts propios para simplificar la administración de entornos Windows, aumentando la eficiencia y reduciendo errores manuales."
Cloud Computing con Google Cloud (Architect),25/08/2025,Avanzado,8 semanas,Virtual,Elena Sánchez,No,No,No,No,No,No,Sí,No,No,No,No,No,No,"Curso especializado en diseño de arquitecturas cloud sobre Google Cloud Platform, orientado a aquellos que aspiran a roles de arquitecto cloud. Se tratan la planificación de infraestructuras escalables, elección de servicios adecuados (Compute Engine, Kubernetes Engine, Cloud Storage, BigQuery), optimización de costos y consideraciones de seguridad en GCP. A través de casos prácticos, el participante aprenderá a construir soluciones resilientes y altamente disponibles en la plataforma de Google, preparándolo para exámenes de certificación como el Google Cloud Architect."
Diseño de Interfaces Web Avanzado (UX/UI),15/09/2025,Medio,6 semanas,Virtual,Patricia Díaz,No,No,No,No,No,No,No,No,Sí,No,No,No,No,"Formación avanzada en diseño de interfaces de usuario para aplicaciones web modernas. Se profundiza en la creación de experiencias de usuario intuitivas a través de principios avanzados de UX, wireframing y prototipado con herramientas profesionales (Adobe XD, Figma). Además, se exploran técnicas de diseño visual (tipografía web, paletas de color, animaciones CSS) para producir interfaces atractivas. Al finalizar, el alumno podrá aplicar criterios de diseño centrado en el usuario en proyectos web complejos, mejorando la satisfacción y usabilidad de los productos digitales."
Oracle Java Enterprise (Jakarta EE) Development,02/11/2025,Avanzado,12 semanas,Presencial,Carlos López,No,Sí,No,Sí,No,No,No,No,Sí,No,No,No,No,"Curso orientado al desarrollo de aplicaciones empresariales en Java utilizando la plataforma Jakarta EE (antigua Java EE). Se abordan tecnologías clave como Servlets/JSP, Enterprise JavaBeans (EJB), JPA para persistencia y JAX-RS para servicios REST, sobre un servidor de aplicaciones como WildFly o GlassFish. El estudiante construirá una aplicación empresarial multicapa, integrando lógica de negocio, acceso a bases de datos y servicios web. Al concluir, estará preparado para desarrollar y desplegar soluciones corporativas robustas en entornos Java EE."